,CustomerID,FirstName,LastName,Email
0,1,Dustin,Diaz,jenniferbaker@montgomery-cardenas.com
1,2,Jessica,Anderson,vanessamoses@velasquez.com
2,3,Jeremy,Wagner,johntrujillo@golden.com
3,4,Crystal,Roberts,stewartsean@gmail.com
4,5,Anna,Bryant,jacobcantrell@gmail.com
5,6,Stephanie,Anderson,wsmith@hotmail.com
6,7,Andrew,Watson,vazquezjill@campbell.biz
7,8,Charles,Leach,sward@yahoo.com
8,9,Tracy,Dominguez,molly55@gmail.com
9,10,Patricia,Wilcox,yhernandez@johnson-ball.com
10,11,Christopher,Baker,paige20@gmail.com
11,12,Veronica,Patton,angelabrown@tanner.com
12,13,Melissa,Santiago,tamaramartin@house.com
13,14,Ernest,Davis,john69@gmail.com
14,15,Steven,Ramos,timothywright@ramirez.com
15,16,Thomas,Sharp,navarrokenneth@hotmail.com
16,17,Michelle,Erickson,petersonstephen@yahoo.com
17,18,Rachael,Adams,jessica66@gmail.com
18,19,Chad,Young,heather39@yahoo.com
19,20,Charles,Gibbs,johnmoore@hotmail.com
20,21,William,Erickson,jerry15@perry-gray.com
21,22,Jennifer,Campbell,nkim@gmail.com
22,23,Monique,Bryan,iphillips@moore.info
23,24,Tara,Reed,jonespaul@gmail.com
24,25,Daniel,Smith,amy63@gmail.com
25,26,Rachael,Mcclure,samanthacarrillo@hotmail.com
26,27,Caleb,Cherry,smithjordan@hotmail.com
27,28,Katherine,Clements,randallmorris@williams.biz
28,29,Brenda,Garcia,utapia@yahoo.com
29,30,Steven,Russo,juanrice@peterson-sanders.org
30,31,Dale,Porter,brandon65@foley.biz
31,32,Benjamin,Cowan,michael05@hotmail.com
32,33,Casey,Frederick,martinezpatricia@yahoo.com
33,34,Nicole,Miller,alexis77@gmail.com
34,35,Andrew,Hood,paul33@green.com
35,36,Jennifer,Mann,timothycuevas@joyce.com
36,37,Michael,Henderson,davidmccarthy@gmail.com
37,38,Chad,Holland,jason86@acosta.net
38,39,Daniel,Collins,wjohnson@herrera.com
39,40,Jason,Rogers,bonniemartin@yahoo.com
40,41,Sharon,Day,gregory02@brown.info
41,42,Stephanie,Chambers,jamesprice@hotmail.com
42,43,Heidi,Perry,martineznicholas@bennett-juarez.net
43,44,Ryan,Allen,angela56@hotmail.com
44,45,Kristy,Harris,annacoffey@yahoo.com
45,46,Michelle,Hart,hallcindy@jones-fernandez.com
46,47,Michael,Carrillo,ebartlett@yahoo.com
47,48,Roger,Cohen,lgraham@gmail.com
48,49,Frank,Barr,stephanie72@gmail.com
49,50,Vanessa,Gutierrez,sandovaljohn@clark.com
50,51,John,Thomas,bcochran@yahoo.com
51,52,Kelly,Joseph,lutzvictoria@hotmail.com
52,53,Michael,Brown,billy84@yahoo.com
53,54,Kristen,Taylor,frankoneill@acevedo-ashley.biz
54,55,Alexis,Coleman,lawrenceevans@gmail.com
55,56,Rodney,Martinez,hailey93@gmail.com
56,57,Kevin,Johnson,youngmonica@yahoo.com
57,58,Jason,White,jonesdavid@daniels-sandoval.com
58,59,Christopher,Jenkins,rodney08@yahoo.com
59,60,Jonathan,Ware,ifleming@walsh.com
